{
  "hospitals": [
    {
      "id": "sample_hospital",
      "name": "샘플 병원 (테스트용)",
      "template_file": "sample_hospital.docx",
      "format": "docx",
      "mode": "manual",
      "field_mapping": {
        "efficacy_summary": "{{efficacy_summary}}",
        "safety_profile": "{{safety_profile}}",
        "dosage_administration": "{{dosage_administration}}",
        "clinical_trials": "{{clinical_trials}}"
      }
    },
    {
      "id": "서울대학교병원_1771822317",
      "name": "서울대학교병원",
      "template_file": "서울대학교병원_1771822317.docx",
      "format": "docx",
      "mode": "auto",
      "field_mapping": null
    },
    {
      "id": "서울대학교병원_1771822332",
      "name": "서울대학교병원",
      "template_file": "서울대학교병원_1771822332.docx",
      "format": "docx",
      "mode": "auto",
      "field_mapping": null
    },
    {
      "id": "서울대학교병원_1771822350",
      "name": "서울대학교병원",
      "template_file": "서울대학교병원_1771822350.docx",
      "format": "docx",
      "mode": "auto",
      "field_mapping": null
    },
    {
      "id": "서울대학교병원_1771822359",
      "name": "서울대학교병원",
      "template_file": "서울대학교병원_1771822359.docx",
      "format": "docx",
      "mode": "auto",
      "field_mapping": null
    }
  ]
}